<?xml version="1.0"?>
<schema version="0.3">
	<table name="btProductInformation">
		<field name="bID" type="I">
			<key />
			<unsigned />
		</field>
		<field name="title" type="C" size="255"></field>		
		<field name="description" type="X2"></field>
		<field name="fIDpicture" type="I"></field>
		<field name="categoryID" type="I"></field>
		<field name="replacesBlockID" type="I"></field>
		<index name="btProductInformation_IX1">
			<descr>Makes sure replacment lookups perform well</descr>
			<col>replacesBlockID</col>
			<unique />
		</index>		
	</table>
	<table name="btProductInformationCategories">
		<field name="categoryID" type="I">
			<autoincrement />
			<key />
			<unsigned />
		</field>
		<field name="category" type="C" size="255"></field>
		<index name="btProductInformationCategories_IX">
			<descr>Makes sure the categories are unique</descr>
			<col>category</col>
			<unique />
		</index>
	</table>
	<sql>
		<query>REPLACE INTO btProductInformationCategories(category) VALUES ('Top-Notch')</query>
		<query>REPLACE INTO btProductInformationCategories(category) VALUES ('Junk Goods')</query>
	</sql>
</schema>